{"train_time": 2.1881725788116455, "test_auc": 0.7713261648745519, "test_time": 0.002146005630493164}