{"train_time": 5.46276593208313, "test_auc": 0.7794504181600955, "test_time": 0.02699756622314453, "test_scores": [[0, 0, 0.044306397438049316], [1, 0, 0.050007328391075134], [2, 0, 0.1199878454208374], [3, 0, 0.08222361654043198], [4, 0, 0.15686127543449402], [5, 0, 0.23990413546562195], [6, 0, 0.08037929981946945], [7, 0, 0.048699721693992615], [8, 0, 0.14862817525863647], [9, 0, 0.06561753898859024], [10, 0, 0.891791582107544], [11, 0, 0.12028287351131439], [12, 0, 0.0659366324543953], [13, 0, 0.1335407942533493], [14, 0, 0.06668215990066528], [15, 0, 0.09019841998815536], [16, 0, 0.02982325479388237], [17, 0, 0.09512648731470108], [18, 0, 0.06941534578800201], [19, 0, 0.08875731378793716], [20, 0, 0.027193915098905563], [21, 0, 0.05737226456403732], [22, 0, 0.09561747312545776], [23, 0, 0.06608764827251434], [24, 0, 0.2271401286125183], [25, 0, 0.10824994742870331], [26, 0, 0.13521727919578552], [27, 0, 0.20646047592163086], [28, 0, 0.3197936713695526], [29, 0, 0.13843107223510742], [30, 0, 0.2595009207725525], [31, 0, 0.03469438850879669], [32, 0, 0.39199161529541016], [33, 0, 0.020923901349306107], [34, 0, 0.4359506368637085], [35, 0, 0.07505873590707779], [36, 0, 0.15716031193733215], [37, 0, 0.09112077206373215], [38, 0, 0.07171155512332916], [39, 0, 0.028754934668540955], [40, 0, 0.14970196783542633], [41, 0, 0.14643460512161255], [42, 0, 0.06874087452888489], [43, 0, 0.05493353307247162], [44, 0, 0.09518671035766602], [45, 0, 0.08030807226896286], [46, 0, 0.20744465291500092], [47, 0, 0.016321180388331413], [48, 0, 0.1478743553161621], [49, 0, 0.12002142518758774], [50, 0, 0.014367965050041676], [51, 0, 0.06391921639442444], [52, 0, 0.08141113817691803], [53, 0, 0.1032717376947403], [54, 0, 0.036389436572790146], [55, 0, 0.10547630488872528], [56, 0, 0.07257242500782013], [57, 0, 0.03463534638285637], [58, 0, 0.0435066819190979], [59, 0, 0.09509773552417755], [60, 0, 0.10603934526443481], [61, 0, 0.02439005672931671], [62, 0, 0.12217327952384949], [63, 0, 0.15073730051517487], [64, 0, 0.03252246230840683], [65, 0, 0.28542453050613403], [66, 0, 0.04450467973947525], [67, 0, 0.08333712816238403], [68, 0, 0.05217314511537552], [69, 0, 0.07219230383634567], [70, 0, 0.14101243019104004], [71, 0, 0.11122545599937439], [72, 0, 0.11012765020132065], [73, 0, 0.15374642610549927], [74, 0, 0.1778622418642044], [75, 0, 0.547370195388794], [76, 0, 0.03653890639543533], [77, 0, 0.2026069462299347], [78, 0, 0.02359657920897007], [79, 0, 0.09614647924900055], [80, 0, 0.06772889196872711], [81, 0, 0.030236631631851196], [82, 0, 0.09422247111797333], [83, 0, 0.574207067489624], [84, 0, 0.05052679404616356], [85, 0, 0.9239903688430786], [86, 0, 0.0402652770280838], [87, 0, 0.23103846609592438], [88, 0, 0.3196096122264862], [89, 0, 0.10150894522666931], [90, 0, 0.09582565724849701], [91, 0, 0.05560189113020897], [92, 0, 0.08479009568691254], [93, 0, 0.022185076028108597], [94, 0, 0.02769145555794239], [95, 0, 0.1419023871421814], [96, 0, 0.11941222846508026], [97, 0, 0.10147376358509064], [98, 0, 0.12900887429714203], [99, 0, 0.2397300899028778], [100, 0, 0.025424227118492126], [101, 0, 0.22470809519290924], [102, 0, 4.705140113830566], [103, 0, 2.3376903533935547], [104, 0, 0.1028723493218422], [105, 0, 0.01941431313753128], [106, 0, 0.06078002601861954], [107, 0, 0.23419661819934845], [108, 0, 0.05355461686849594], [109, 0, 0.03526245802640915], [110, 0, 0.08082430064678192], [111, 0, 0.05627270042896271], [112, 0, 0.05554815009236336], [113, 0, 0.1443929374217987], [114, 0, 0.06856191903352737], [115, 0, 0.02261713705956936], [116, 0, 0.8787837028503418], [117, 0, 0.04379238933324814], [118, 0, 0.0374617874622345], [119, 0, 0.02385038137435913], [120, 0, 0.10427537560462952], [121, 0, 0.08020737767219543], [122, 0, 0.0837213397026062], [123, 0, 0.09801506996154785], [124, 0, 0.31099528074264526], [125, 0, 0.316206693649292], [126, 0, 0.02568681724369526], [127, 0, 0.1322426050901413], [128, 0, 0.07016508281230927], [129, 0, 0.09114724397659302], [130, 0, 0.04228588938713074], [131, 0, 0.35103732347488403], [132, 0, 0.13161823153495789], [133, 0, 0.3961141109466553], [134, 0, 0.11967740207910538], [135, 0, 0.04610816389322281], [136, 0, 0.12755824625492096], [137, 0, 0.29932719469070435], [138, 0, 0.15918472409248352], [139, 0, 0.1388445496559143], [140, 0, 0.21552807092666626], [141, 0, 0.07939799875020981], [142, 0, 0.19349104166030884], [143, 0, 0.07008685171604156], [144, 0, 0.037065934389829636], [145, 0, 0.10430656373500824], [146, 0, 0.32051119208335876], [147, 0, 0.042120710015296936], [148, 0, 0.0668572261929512], [149, 0, 0.08740521967411041], [150, 0, 0.029422711580991745], [151, 0, 0.07189011573791504], [152, 0, 0.548864483833313], [153, 0, 0.05210847035050392], [154, 0, 0.15665937960147858], [155, 1, 1.6652880907058716], [156, 1, 0.08906793594360352], [157, 1, 0.5593097805976868], [158, 1, 0.1428810954093933], [159, 1, 0.10073274374008179], [160, 1, 0.45502805709838867], [161, 1, 0.620398998260498], [162, 1, 0.20479066669940948], [163, 1, 0.09642404317855835], [164, 1, 0.23822689056396484], [165, 1, 0.9483528137207031], [166, 1, 0.2249608188867569], [167, 1, 0.33082157373428345], [168, 1, 0.39374348521232605], [169, 1, 0.3050221800804138], [170, 1, 0.10347216576337814], [171, 1, 0.24527841806411743], [172, 1, 0.32642364501953125], [173, 1, 0.14703035354614258], [174, 1, 0.4343583583831787], [175, 1, 0.6697299480438232], [176, 1, 0.11640074104070663], [177, 1, 6.535740852355957], [178, 1, 0.05947825312614441], [179, 1, 0.332275390625], [180, 1, 0.18920019268989563], [181, 1, 0.01625058613717556]]}