{"train_time": 2.603619337081909, "test_auc": 0.6796200345423145, "test_time": 0.004817008972167969, "test_scores": [[0.0, 1.256049394607544], [0.0, 0.13890579342842102], [0.0, 0.15125097334384918], [0.0, 0.02709675393998623], [0.0, 0.7340871095657349], [0.0, 0.39697974920272827], [0.0, 0.5536081194877625], [0.0, 0.09051331877708435], [0.0, 0.32626068592071533], [0.0, 0.07485417276620865], [0.0, 0.09964990615844727], [0.0, 2.4649767875671387], [0.0, 0.14020287990570068], [0.0, 0.1933465301990509], [0.0, 1.4138394594192505], [0.0, 0.7667285203933716], [0.0, 0.017994292080402374], [0.0, 0.2996363937854767], [0.0, 3.0291237831115723], [0.0, 2.541337251663208], [0.0, 0.062433045357465744], [0.0, 0.05407353490591049], [0.0, 0.09171973913908005], [0.0, 0.6773476600646973], [0.0, 2.8293447494506836], [0.0, 0.012517014518380165], [0.0, 0.22740067541599274], [0.0, 0.021968383342027664], [0.0, 0.45997878909111023], [0.0, 0.6160351037979126], [0.0, 0.4524303674697876], [0.0, 0.026766009628772736], [0.0, 0.06560072302818298], [0.0, 0.05112795531749725], [0.0, 0.03176393732428551], [0.0, 0.9828354120254517], [0.0, 9.459615707397461], [0.0, 0.8238768577575684], [0.0, 0.1572122424840927], [0.0, 0.05934528261423111], [0.0, 0.02276388555765152], [0.0, 0.3329361081123352], [0.0, 0.7641737461090088], [0.0, 0.9306768178939819], [0.0, 0.8981920480728149], [0.0, 0.21558862924575806], [0.0, 0.09683975577354431], [0.0, 0.8607555031776428], [0.0, 0.5367528200149536], [0.0, 0.08060526847839355], [0.0, 0.6918816566467285], [0.0, 0.2827070653438568], [0.0, 4.169300079345703], [0.0, 0.3640432059764862], [0.0, 0.45246216654777527], [0.0, 0.2938500642776489], [0.0, 0.10787874460220337], [0.0, 0.46337762475013733], [0.0, 0.013631410896778107], [0.0, 0.056299299001693726], [0.0, 1.6336008310317993], [0.0, 58.73224639892578], [0.0, 0.09596459567546844], [0.0, 0.18452194333076477], [0.0, 0.5019239187240601], [0.0, 0.09361758083105087], [0.0, 0.557733416557312], [0.0, 0.44246068596839905], [0.0, 0.09166064858436584], [0.0, 0.6675370931625366], [0.0, 0.07895846664905548], [0.0, 0.10198425501585007], [0.0, 0.9944127798080444], [0.0, 3.3195137977600098], [0.0, 6.821237564086914], [0.0, 1.957050085067749], [0.0, 0.43534570932388306], [0.0, 0.1074928492307663], [0.0, 0.27435263991355896], [0.0, 0.8175365924835205], [0.0, 1.1540920734405518], [0.0, 0.47819507122039795], [0.0, 0.15983223915100098], [0.0, 0.0257370974868536], [0.0, 0.09402979910373688], [0.0, 0.17103207111358643], [0.0, 5.163315773010254], [0.0, 0.9309909343719482], [0.0, 0.06903237849473953], [0.0, 0.1392938643693924], [0.0, 0.291241317987442], [0.0, 0.8993217945098877], [0.0, 0.5874584913253784], [0.0, 55.56815719604492], [0.0, 1.3145174980163574], [0.0, 0.10864382982254028], [0.0, 0.2987079620361328], [0.0, 3.5239038467407227], [0.0, 0.6214112043380737], [0.0, 0.09466998279094696], [0.0, 0.029558809474110603], [0.0, 0.03577930107712746], [0.0, 0.24502421915531158], [0.0, 0.41840627789497375], [0.0, 0.14004258811473846], [0.0, 1.3047692775726318], [0.0, 0.22470857203006744], [0.0, 0.0608493909239769], [0.0, 0.5205817818641663], [0.0, 1.6154215335845947], [0.0, 1.1539890766143799], [0.0, 0.48998793959617615], [0.0, 0.6245846152305603], [0.0, 0.07353278994560242], [0.0, 1.4541467428207397], [0.0, 5.505141735076904], [0.0, 1.0143318176269531], [0.0, 0.391610711812973], [0.0, 1.205108404159546], [0.0, 0.8985239267349243], [0.0, 0.10915238410234451], [0.0, 0.3561041057109833], [0.0, 0.11641129851341248], [0.0, 0.04910293594002724], [0.0, 0.030351173132658005], [0.0, 0.0798998475074768], [0.0, 0.6902912855148315], [0.0, 0.37272295355796814], [0.0, 0.05347413569688797], [0.0, 0.043514758348464966], [0.0, 6.428814888000488], [0.0, 0.26502901315689087], [0.0, 0.8688437342643738], [0.0, 0.03006523847579956], [0.0, 0.07242335379123688], [0.0, 0.12859892845153809], [0.0, 0.26050862669944763], [0.0, 0.5035809278488159], [0.0, 0.5659568309783936], [0.0, 0.26795151829719543], [0.0, 0.5096899271011353], [0.0, 0.1496029794216156], [0.0, 0.43303370475769043], [0.0, 0.11355725675821304], [0.0, 2.009977340698242], [0.0, 0.036107443273067474], [0.0, 1.614023208618164], [0.0, 0.03233223408460617], [0.0, 0.1818603128194809], [0.0, 0.13686272501945496], [0.0, 3.333421468734741], [0.0, 0.2026863992214203], [0.0, 1.7722113132476807], [0.0, 0.09042945504188538], [0.0, 1.0873870849609375], [0.0, 0.16740486025810242], [0.0, 0.6224936246871948], [0.0, 1.849941611289978], [0.0, 0.14143307507038116], [0.0, 0.6272925138473511], [0.0, 0.3198145627975464], [0.0, 0.6456334590911865], [0.0, 1.6811554431915283], [0.0, 6.304323196411133], [0.0, 0.29936689138412476], [0.0, 0.025864377617836], [0.0, 0.20600764453411102], [0.0, 0.09033112227916718], [0.0, 1.015488624572754], [0.0, 3.590628147125244], [0.0, 0.20385493338108063], [0.0, 2.950678586959839], [0.0, 1.861349105834961], [0.0, 0.0906703770160675], [0.0, 0.11411124467849731], [0.0, 0.20152564346790314], [0.0, 0.5615177154541016], [0.0, 9.554662704467773], [0.0, 0.8231908082962036], [0.0, 0.10050207376480103], [0.0, 0.20808108150959015], [0.0, 0.10265284776687622], [0.0, 7.669451713562012], [0.0, 0.24859490990638733], [0.0, 0.5175415277481079], [0.0, 0.557869017124176], [0.0, 0.11243301630020142], [0.0, 2.2358059883117676], [0.0, 0.03600785881280899], [0.0, 0.5307459831237793], [0.0, 12.477060317993164], [0.0, 0.0474533848464489], [0.0, 9.238324165344238], [1.0, 5.161353588104248], [1.0, 6.149254322052002], [1.0, 2.5669074058532715], [1.0, 0.21128840744495392], [1.0, 1.6275579929351807], [1.0, 3.0396175384521484], [1.0, 0.4252970218658447], [1.0, 11.796798706054688], [1.0, 0.47102096676826477], [1.0, 0.21046879887580872], [1.0, 0.6180720329284668], [1.0, 0.08097328245639801], [1.0, 2.9563851356506348], [1.0, 0.41843727231025696], [1.0, 1.9461190700531006], [1.0, 0.3799963593482971], [1.0, 0.8343014121055603], [1.0, 0.24669888615608215], [1.0, 0.13629966974258423], [1.0, 23.37111473083496], [1.0, 10.518766403198242], [1.0, 0.45843076705932617], [1.0, 18.042041778564453], [1.0, 0.23335358500480652], [1.0, 2.0221102237701416], [1.0, 15.536661148071289], [1.0, 4.080650329589844], [1.0, 0.32290977239608765], [1.0, 1.9969849586486816], [1.0, 3.2559595108032227], [1.0, 0.8519445657730103], [1.0, 3.0428051948547363], [1.0, 0.6245708465576172], [1.0, 1.7341431379318237], [1.0, 2.1127538681030273], [1.0, 0.3382261395454407], [1.0, 0.6823203563690186], [1.0, 3.4444122314453125], [1.0, 0.07813765108585358], [1.0, 1.0283812284469604], [1.0, 0.09678778052330017], [1.0, 0.6914507150650024], [1.0, 0.18546825647354126], [1.0, 0.40379053354263306], [1.0, 1.8743010759353638], [1.0, 1.561661720275879], [1.0, 0.917718768119812], [1.0, 2.7652335166931152], [1.0, 0.5613329410552979], [1.0, 0.24781616032123566], [1.0, 0.10687904059886932], [1.0, 1.2438395023345947], [1.0, 2.3171586990356445], [1.0, 0.42759060859680176], [1.0, 1.036311149597168], [1.0, 0.2500770092010498], [1.0, 5.697992324829102], [1.0, 6.3091936111450195], [1.0, 0.2430293709039688], [1.0, 0.1356608122587204], [1.0, 0.021136807277798653], [1.0, 7.121396064758301], [1.0, 0.10767205059528351], [1.0, 0.18694192171096802], [1.0, 12.8109130859375], [1.0, 3.8019466400146484]]}